Month,Many,Some,Likely,None,% of None
Jan,0,3,8,18,62.06896551724138
Feb,1,6,3,22,68.75
Mar,1,5,2,25,75.75757575757575
Apr,1,3,2,26,81.25
May,0,0,1,27,96.42857142857143
Jun,0,4,0,26,86.66666666666667
Jul,0,1,0,27,96.42857142857143
Aug,0,0,0,33,100.0
Sep,0,1,0,30,96.7741935483871
Oct,0,4,1,32,86.48648648648648
Nov,0,1,3,31,88.57142857142857
Dec,0,4,5,22,70.96774193548387
