Month,Many,Some,Likely,None,% of None
Jan,1,8,10,10,34.48275862068966
Feb,2,5,9,14,46.666666666666664
Mar,1,5,4,23,69.6969696969697
Apr,1,0,3,30,88.23529411764706
May,0,2,0,30,93.75
Jun,0,3,0,27,90.0
Jul,0,0,0,30,100.0
Aug,0,0,0,35,100.0
Sep,0,1,0,31,96.875
Oct,1,2,4,19,73.07692307692308
Nov,0,4,9,22,62.857142857142854
Dec,0,0,5,25,83.33333333333333
