Month,Many,Some,Likely,None,% of None
Jan,0,4,11,13,46.42857142857143
Feb,3,8,2,16,55.172413793103445
Mar,0,1,3,31,88.57142857142857
Apr,0,1,2,24,88.88888888888889
May,0,1,0,32,96.96969696969697
Jun,0,0,1,28,96.55172413793103
Jul,0,0,0,31,100.0
Aug,0,0,0,32,100.0
Sep,2,7,1,19,65.51724137931035
Oct,2,3,3,24,75.0
Nov,0,3,3,25,80.64516129032258
Dec,2,9,5,13,44.827586206896555
