Month,Observed,Likely,Noone,% of None
Jan,4,11,13,46.42857142857143
Feb,8,2,14,58.333333333333336
Mar,1,3,26,86.66666666666667
Apr,1,2,24,88.88888888888889
May,1,0,30,96.7741935483871
Jun,0,1,26,96.29629629629629
Jul,0,0,30,100.0
Aug,0,0,30,100.0
Sep,9,1,19,65.51724137931035
Oct,3,3,23,79.3103448275862
Nov,2,3,24,82.75862068965517
Dec,11,5,13,44.827586206896555
