Month,Observed,Likely,Noone,% of None
Jan,6,9,16,51.61290322580645
Feb,4,3,20,74.07407407407408
Mar,3,1,26,86.66666666666667
Apr,0,1,26,96.29629629629629
May,0,0,22,100.0
Jun,0,0,0,0.0
Jul,0,0,0,0.0
Aug,0,0,0,0.0
Sep,0,0,0,0.0
Oct,0,0,0,0.0
Nov,0,0,0,0.0
Dec,0,0,0,0.0
