Month,Observed,Likely,Noone,% of None
Jan,3,3,22,78.57142857142857
Feb,4,4,19,70.37037037037037
Mar,2,7,22,70.96774193548387
Apr,1,2,25,89.28571428571429
May,0,0,0,0.0
Jun,0,0,0,0.0
Jul,0,0,0,0.0
Aug,0,0,0,0.0
Sep,0,0,17,100.0
Oct,0,1,30,96.7741935483871
Nov,1,3,29,87.87878787878788
Dec,0,2,29,93.54838709677419
