Month,Observed,Likely,Noone,% of None
Jan,1,4,24,82.75862068965517
Feb,6,5,14,56.0
Mar,3,7,18,64.28571428571429
Apr,1,5,22,78.57142857142857
May,0,1,30,96.7741935483871
Jun,0,0,26,100.0
Jul,0,0,31,100.0
Aug,0,0,30,100.0
Sep,2,3,17,77.27272727272727
Oct,2,2,27,87.09677419354838
Nov,0,0,29,100.0
Dec,2,7,21,70.0
