Month,Observed,Likely,Noone,% of None
Jan,4,11,13,46.42857142857143
Feb,11,2,16,55.172413793103445
Mar,1,3,31,88.57142857142857
Apr,1,2,24,88.88888888888889
May,1,0,32,96.96969696969697
Jun,0,1,28,96.55172413793103
Jul,0,0,31,100.0
Aug,0,0,32,100.0
Sep,9,1,19,65.51724137931035
Oct,5,3,24,75.0
Nov,3,3,25,80.64516129032258
Dec,11,5,13,44.827586206896555
