Month,Observed,Likely,Noone,% of None
Jan,3,0,26,89.65517241379311
Feb,5,0,22,81.48148148148148
Mar,4,0,25,86.20689655172414
Apr,3,0,27,90.0
May,0,0,27,100.0
Jun,4,0,26,86.66666666666667
Jul,1,0,25,96.15384615384616
Aug,0,0,30,100.0
Sep,1,0,29,96.66666666666667
Oct,3,0,27,90.0
Nov,1,0,29,96.66666666666667
Dec,4,0,26,86.66666666666667
